{
  "camera": {
    "front": [
      -0.16699999570846558,
      -0.2919999957084656,
      -1.0
    ],
    "position": [
      1.6670000553131104,
      2.5,
      5.0
    ]
  }
}
